frame,nose_x,nose_y,leye_x,leye_y,reye_x,reye_y,lear_x,lear_y,rear_x,rear_y,lsho_x,lsho_y,rsho_x,rsho_y,lelb_x,lelb_y,relb_x,relb_y,lwri_x,lwri_y,rwri_x,rwri_y,lhip_x,lhip_y,rhip_x,rhip_y,lknee_x,lknee_y,rknee_x,rknee_y,lank_x,lank_y,rank_x,rank_y
0,1034.048095703125,472.416015625,1026.2142333984375,460.88116455078125,1034.74365234375,461.0238952636719,989.689208984375,467.71795654296875,1046.090576171875,472.58453369140625,943.0602416992188,517.5103759765625,1076.160888671875,537.829345703125,889.2242431640625,590.0343627929688,1097.6046142578125,631.7405395507812,926.2408447265625,653.268798828125,1056.923828125,665.0923461914062,948.2508544921875,696.927978515625,1033.66796875,708.1547241210938,967.5066528320312,808.7330932617188,1023.6290893554688,840.1926879882812,988.94775390625,896.0234985351562,1004.7613525390625,979.9923095703125
1,1034.0716552734375,478.71514892578125,1024.6376953125,467.96832275390625,1034.4388427734375,467.66290283203125,984.7479858398438,474.68841552734375,1042.4954833984375,479.68096923828125,940.7656860351562,521.5060424804688,1069.353515625,546.5943603515625,885.8497314453125,587.035888671875,1092.573974609375,638.3121948242188,915.3570556640625,658.454345703125,1045.3018798828125,671.0896606445312,946.1754760742188,700.2545166015625,1028.4696044921875,715.6109008789062,968.9691162109375,800.4315185546875,1020.3900756835938,849.0685424804688,970.9788818359375,880.8401489257812,992.5008544921875,994.9910888671875
2,1022.7092895507812,475.2088928222656,1015.1280517578125,464.3049621582031,1023.9639892578125,464.453125,980.1563720703125,472.277099609375,1037.85302734375,477.5754699707031,939.8211669921875,516.3865356445312,1065.76318359375,544.5150756835938,888.3768310546875,576.2595825195312,1089.6702880859375,630.7185668945312,912.9464721679688,654.7321166992188,1047.4776611328125,657.2581787109375,942.4710693359375,685.936279296875,1023.52880859375,703.8576049804688,965.2132568359375,777.5191650390625,1016.9769897460938,838.0336303710938,971.3901977539062,856.9212646484375,989.8734741210938,987.55908203125
3,1022.6947631835938,475.17828369140625,1015.1161499023438,464.28118896484375,1023.95556640625,464.43170166015625,980.1500244140625,472.2668762207031,1037.8409423828125,477.5576477050781,939.79296875,516.396240234375,1065.799560546875,544.504150390625,888.4511108398438,576.231201171875,1089.7513427734375,630.6275634765625,912.9884643554688,654.7758178710938,1047.4783935546875,657.1921997070312,942.53125,685.927490234375,1023.6381225585938,703.8167114257812,965.1327514648438,777.5591430664062,1016.9685668945312,837.940185546875,971.38134765625,857.1345825195312,989.8635864257812,987.4122314453125
4,1012.093505859375,464.789794921875,1005.4458618164062,453.92852783203125,1013.8665771484375,455.0071716308594,973.490478515625,462.0429382324219,1030.4666748046875,468.0058898925781,935.1689453125,505.0167236328125,1062.0263671875,532.996337890625,891.4695434570312,557.3310546875,1094.0150146484375,613.052978515625,908.2711181640625,638.9752197265625,1045.585693359375,638.1885986328125,943.4263916015625,676.4939575195312,1024.8675537109375,690.7749633789062,959.5325927734375,776.8470458984375,1013.8319702148438,818.752197265625,967.99951171875,879.8884887695312,990.4545288085938,966.9954833984375
5,994.060791015625,452.2789306640625,989.923095703125,442.3143005371094,998.0618286132812,443.9577941894531,967.5474853515625,450.72662353515625,1021.43115234375,454.40399169921875,931.8076171875,494.15484619140625,1058.1563720703125,515.1513061523438,891.6655883789062,548.1755981445312,1094.1915283203125,595.0797119140625,907.4902954101562,619.0949096679688,1043.827392578125,623.6621704101562,951.2774658203125,656.9706420898438,1032.158935546875,663.9443969726562,954.28369140625,772.410888671875,1008.3258056640625,785.533203125,961.5316772460938,900.6237182617188,987.594970703125,923.9637451171875
6,993.0707397460938,443.4298095703125,987.7138671875,433.5805358886719,997.3768920898438,436.9671325683594,964.3366088867188,440.3648376464844,1014.7257690429688,446.57855224609375,927.5082397460938,489.0726623535156,1049.3929443359375,507.96893310546875,891.3890991210938,551.9779663085938,1086.84326171875,586.5864868164062,908.3175659179688,621.5617065429688,1044.90869140625,617.98095703125,952.8421630859375,653.0130615234375,1030.1243896484375,654.5556030273438,952.1753540039062,782.800048828125,1009.23876953125,771.3099365234375,953.5850219726562,910.51513671875,991.2488403320312,873.2472534179688
7,990.2670288085938,445.1585998535156,986.019287109375,434.5412292480469,993.3427734375,438.4194641113281,961.6847534179688,439.96771240234375,1008.3812866210938,445.4852294921875,918.4691772460938,492.5238342285156,1045.469482421875,504.3829650878906,890.074462890625,570.4483032226562,1092.9296875,585.177001953125,905.7360229492188,638.611328125,1050.3291015625,622.4273071289062,954.9108276367188,658.724853515625,1034.7147216796875,656.779052734375,953.8941650390625,791.8636474609375,1004.879150390625,764.938720703125,956.0997924804688,932.1365356445312,982.7183837890625,837.4091796875
8,990.48583984375,445.1654357910156,986.1724243164062,434.5454406738281,993.5039672851562,438.4198303222656,961.6433715820312,439.9856262207031,1008.3781127929688,445.5322265625,918.4295043945312,492.57354736328125,1045.4351806640625,504.4329833984375,890.1109619140625,570.4925537109375,1092.946044921875,585.1812744140625,905.8412475585938,638.837646484375,1050.253662109375,622.5309448242188,954.90771484375,658.7051391601562,1034.7158203125,656.755615234375,953.972412109375,791.853271484375,1004.905029296875,764.839111328125,956.1333618164062,931.95068359375,982.7500610351562,837.311767578125
9,991.3062133789062,451.5762023925781,984.6895751953125,441.4029541015625,994.4566040039062,445.356689453125,957.5067138671875,446.70941162109375,1004.529052734375,453.1204528808594,918.2046508789062,501.11566162109375,1037.824462890625,511.201904296875,885.2470092773438,583.871337890625,1084.924072265625,590.2135009765625,909.266357421875,654.728515625,1051.0198974609375,640.9119262695312,953.78857421875,668.0910034179688,1027.128662109375,665.0679321289062,956.4473876953125,794.9325561523438,998.797607421875,770.60595703125,965.7574462890625,930.6226806640625,992.30712890625,852.7205200195312
10,986.3994750976562,459.6350402832031,980.7007446289062,449.57000732421875,989.6422119140625,453.3869934082031,956.2845458984375,456.2294006347656,1001.7239990234375,461.8499755859375,915.7417602539062,512.3187255859375,1037.1611328125,516.0814208984375,879.6630249023438,596.4805908203125,1083.2215576171875,589.369873046875,916.0502319335938,649.9036254882812,1053.00146484375,638.5280151367188,948.5592041015625,669.4873657226562,1022.66015625,664.1214599609375,956.2632446289062,797.820068359375,997.0684204101562,772.1718139648438,971.9137573242188,934.228515625,993.9105224609375,858.373046875
11,988.7479858398438,459.3083801269531,983.6552734375,448.9789123535156,990.533203125,451.735107421875,955.24853515625,455.73944091796875,1000.9718627929688,459.2021484375,911.056396484375,510.9713134765625,1033.3365478515625,509.39599609375,872.44482421875,591.9049682617188,1084.5430908203125,578.819091796875,917.63623046875,630.0534057617188,1055.1741943359375,622.742919921875,944.9337768554688,669.767822265625,1019.1246948242188,661.3388061523438,949.9904174804688,807.1331176757812,979.503662109375,764.7232666015625,964.6345825195312,947.789794921875,982.6295776367188,843.5802001953125
12,999.5816650390625,450.9520263671875,991.7796020507812,441.0857849121094,1001.3148193359375,444.0265808105469,959.49072265625,445.5438537597656,1004.9741821289062,450.9952392578125,915.6682739257812,498.7679138183594,1033.1939697265625,501.0809631347656,882.3036499023438,574.4581909179688,1074.0582275390625,568.3118286132812,921.539794921875,610.64501953125,1044.35888671875,610.9017333984375,944.33642578125,660.6741943359375,1015.9833374023438,653.5765380859375,952.6329345703125,791.5267944335938,993.8942260742188,755.3193969726562,965.623046875,925.37060546875,989.7881469726562,839.6710815429688
13,999.545654296875,450.99114990234375,991.750732421875,441.0864562988281,1001.3189086914062,444.0569763183594,959.48974609375,445.4662780761719,1005.0423583984375,450.957275390625,915.6113891601562,498.6012268066406,1033.2154541015625,501.086181640625,882.3817749023438,574.3722534179688,1074.016357421875,568.516357421875,921.883056640625,610.8722534179688,1043.9366455078125,611.290771484375,944.2613525390625,660.5615844726562,1015.9365844726562,653.544677734375,952.9404907226562,791.4424438476562,993.798828125,755.41943359375,965.9705810546875,925.189453125,989.6329956054688,839.36328125
14,1002.8072509765625,440.80145263671875,994.53515625,431.54510498046875,1004.0088500976562,433.4648742675781,963.153076171875,437.2390441894531,1008.884521484375,441.955078125,921.900390625,488.16839599609375,1036.1568603515625,493.2596435546875,881.08447265625,559.5264892578125,1066.913818359375,561.7775268554688,920.7549438476562,594.5216064453125,1034.60400390625,610.108642578125,940.463134765625,646.2371826171875,1010.5777587890625,645.1559448242188,952.4112548828125,758.9346923828125,993.8731689453125,756.79638671875,956.797119140625,884.2891235351562,975.9486083984375,876.5140991210938
15,1003.0060424804688,433.697021484375,995.2463989257812,423.6956787109375,1004.7003173828125,425.7604064941406,965.1585693359375,429.5927734375,1011.584716796875,435.1892395019531,922.7704467773438,480.2720031738281,1038.224853515625,491.5349426269531,879.9772338867188,552.00146484375,1060.8375244140625,568.1199340820312,916.1641845703125,593.6619262695312,1024.2508544921875,615.0239868164062,934.1824951171875,638.8167724609375,1006.0637817382812,641.3828735351562,945.7167358398438,753.1812744140625,991.3836059570312,762.9959716796875,957.9912109375,866.0775756835938,971.5783081054688,883.2540283203125
16,1003.9011840820312,433.275146484375,995.8804931640625,423.537841796875,1006.4690551757812,424.171875,965.189453125,430.0103759765625,1012.9343872070312,434.759765625,922.6586303710938,481.7666931152344,1039.9776611328125,497.87908935546875,878.0343627929688,552.17529296875,1058.0247802734375,580.095703125,916.8790283203125,598.190185546875,1014.245849609375,620.02392578125,931.9053955078125,648.89794921875,1005.0602416992188,656.8707275390625,946.1480102539062,748.25390625,984.5408935546875,782.878662109375,967.5789794921875,831.8077392578125,966.0806274414062,902.7979736328125
17,1005.5203247070312,439.3231201171875,996.1895141601562,429.3028869628906,1007.7407836914062,429.8961181640625,962.613037109375,435.5849304199219,1013.4686279296875,441.1961669921875,921.7261962890625,486.81439208984375,1038.49462890625,506.89678955078125,873.7821044921875,557.8081665039062,1054.657470703125,593.695068359375,910.5531616210938,606.5927734375,1003.95068359375,625.0057373046875,927.6035766601562,656.1526489257812,999.8023071289062,665.9503173828125,945.3546142578125,755.9415893554688,977.56103515625,796.250244140625,956.3972778320312,838.22509765625,951.6992797851562,925.694091796875
18,1005.564208984375,439.31024169921875,996.21142578125,429.298583984375,1007.7705078125,429.87933349609375,962.5850219726562,435.59814453125,1013.46630859375,441.1986999511719,921.73095703125,486.79132080078125,1038.5450439453125,506.8701171875,873.8484497070312,557.759033203125,1054.7144775390625,593.648193359375,910.7393798828125,606.581298828125,1004.1986694335938,624.8167724609375,927.6998291015625,656.107177734375,999.9440307617188,665.9033813476562,945.22216796875,755.8690185546875,977.6012573242188,796.1275024414062,956.4407958984375,837.976806640625,951.7571411132812,925.570068359375
19,998.446533203125,448.2816162109375,990.9744873046875,437.98699951171875,1002.3814697265625,439.6195068359375,962.7316284179688,444.29541015625,1013.6212768554688,450.7071533203125,920.998046875,492.9902038574219,1039.43505859375,517.0396118164062,872.632080078125,561.5062866210938,1055.248046875,603.7442626953125,905.9947509765625,615.4386596679688,1008.9540405273438,631.5057983398438,923.7449951171875,657.81103515625,996.1218872070312,669.325439453125,944.4984130859375,756.8309936523438,972.478759765625,804.1763305664062,952.4354858398438,843.8988037109375,936.7305908203125,928.24853515625
20,992.723388671875,446.93719482421875,986.2774658203125,437.27923583984375,997.952880859375,439.2935791015625,960.993896484375,443.92877197265625,1012.8146362304688,450.55560302734375,921.3277587890625,489.671142578125,1038.1798095703125,516.478759765625,872.4082641601562,552.3017578125,1053.10546875,602.0357055664062,900.7396850585938,610.3241577148438,1003.6473388671875,620.6773071289062,925.487548828125,654.6549072265625,997.03466796875,665.0066528320312,940.634521484375,759.2308349609375,970.8573608398438,795.195556640625,946.681640625,855.4139404296875,938.3226928710938,916.9749755859375
21,978.3848876953125,438.84771728515625,974.19140625,429.7372741699219,985.1890258789062,431.69287109375,956.7328491210938,436.7265625,1006.03564453125,442.11334228515625,922.0177612304688,480.1466979980469,1034.7457275390625,506.0057067871094,876.0947265625,539.0374755859375,1055.9146728515625,586.0306396484375,895.0319213867188,600.9806518554688,1007.2332763671875,601.8526611328125,925.2435302734375,642.73828125,994.649658203125,653.718994140625,937.2225341796875,738.4776611328125,973.0789794921875,781.1103515625,946.0577392578125,835.2833251953125,948.7742309570312,907.1817626953125
22,976.3052368164062,429.4803466796875,971.147216796875,420.08734130859375,981.37109375,422.83282470703125,951.8326416015625,427.4716796875,1000.3870239257812,433.15411376953125,918.4241943359375,472.5490417480469,1032.4744873046875,494.5946044921875,882.3842163085938,531.286376953125,1058.447021484375,568.38916015625,899.3475341796875,593.4469604492188,1008.18505859375,591.4840087890625,932.4486694335938,627.5885620117188,1003.4303588867188,634.6976318359375,936.3391723632812,732.5784912109375,980.45947265625,755.402099609375,943.451416015625,840.8818359375,952.010009765625,874.56787109375
23,976.4196166992188,429.5705871582031,971.2235107421875,420.19732666015625,981.4224853515625,422.9109191894531,951.8026733398438,427.5693359375,1000.2915649414062,433.22882080078125,918.4061279296875,472.61920166015625,1032.4569091796875,494.6525573730469,882.2386474609375,531.2932739257812,1058.5439453125,568.3933715820312,898.8704833984375,593.6054077148438,1008.490966796875,591.5144653320312,932.5208740234375,627.6082763671875,1003.5062866210938,634.7869262695312,936.2913818359375,732.1988525390625,980.5694580078125,755.40087890625,943.3842163085938,839.9094848632812,952.0684814453125,874.76220703125
24,973.7854614257812,421.6893310546875,968.8275146484375,412.7292785644531,979.3409423828125,416.0940856933594,949.096435546875,419.24468994140625,996.8946533203125,425.3588562011719,916.2545166015625,465.3319091796875,1029.818115234375,483.92132568359375,884.1533203125,529.6516723632812,1060.562744140625,557.726318359375,896.86474609375,595.6906127929688,1010.0380859375,583.3118896484375,939.6429443359375,624.012939453125,1008.902099609375,625.5718994140625,939.3900756835938,744.3014526367188,977.8671875,742.2732543945312,946.1610107421875,867.814697265625,950.146240234375,841.76953125
25,987.0765380859375,420.988037109375,978.0553588867188,412.40826416015625,989.020751953125,414.8496398925781,947.8607177734375,417.6243896484375,994.0366821289062,423.2928466796875,911.3211669921875,465.5023498535156,1026.747802734375,478.2452697753906,880.9747314453125,540.0440063476562,1061.856689453125,553.5133666992188,893.8156127929688,604.5977172851562,1011.7249145507812,593.0463256835938,938.1693115234375,621.0989379882812,1007.5932006835938,621.0948486328125,936.5225830078125,747.5222778320312,975.6072387695312,745.23095703125,940.0695190429688,862.88916015625,935.9435424804688,847.268310546875
26,983.975341796875,425.2544250488281,975.884521484375,416.60235595703125,987.6219482421875,419.4571228027344,946.11279296875,422.2588806152344,993.1928100585938,428.2333984375,904.7506103515625,474.2211608886719,1024.6717529296875,484.3124084472656,875.31689453125,552.3526611328125,1064.658203125,558.9141845703125,905.4392700195312,602.323974609375,1025.213623046875,592.7254638671875,939.1858520507812,633.7490844726562,1012.1771240234375,631.0321655273438,942.7857666015625,759.8250122070312,982.8492431640625,738.4533081054688,959.8194580078125,891.1339111328125,970.51904296875,821.1705932617188
27,985.0960693359375,431.1239013671875,976.7957763671875,422.5032958984375,987.9112548828125,425.10601806640625,946.407470703125,430.00677490234375,992.116943359375,435.75665283203125,904.919921875,484.92987060546875,1024.674072265625,492.5203552246094,874.681396484375,562.2005615234375,1062.7685546875,564.6689453125,910.313232421875,603.400146484375,1021.2470092773438,593.6024780273438,940.6090087890625,643.2080688476562,1013.609375,638.94140625,944.3577270507812,766.082763671875,983.9213256835938,738.759521484375,967.6571655273438,894.5146484375,976.5425415039062,821.9356689453125
28,984.9951171875,431.03997802734375,976.7260131835938,422.41107177734375,987.8385009765625,425.027587890625,946.4036865234375,429.9437561035156,992.1353759765625,435.6933288574219,904.906494140625,484.95452880859375,1024.66357421875,492.4986572265625,874.6026611328125,562.3251953125,1062.735595703125,564.6571655273438,910.19921875,603.4639892578125,1021.3333129882812,593.6429443359375,940.5804443359375,643.2291259765625,1013.6060791015625,638.9285888671875,944.263671875,766.2135620117188,983.98291015625,738.7689819335938,967.575439453125,894.6571655273438,976.7991943359375,821.61572265625
29,985.1529541015625,434.896240234375,979.940185546875,424.13421630859375,985.3047485351562,427.67181396484375,949.2173461914062,430.3518371582031,991.3857421875,436.76007080078125,904.3505859375,484.89190673828125,1020.2379760742188,488.7645263671875,871.6099853515625,560.5206298828125,1056.446533203125,562.0220947265625,910.832275390625,598.814453125,1018.347900390625,591.19775390625,939.20166015625,651.1123046875,1009.9584350585938,640.3147583007812,940.5108032226562,783.5354614257812,975.2319946289062,715.83251953125,968.8699951171875,906.5222778320312,981.7279052734375,758.2549438476562
30,988.1017456054688,427.1431884765625,981.31884765625,416.6150207519531,987.9895629882812,418.5499572753906,949.776611328125,422.992919921875,994.6404418945312,427.1686706542969,907.6807861328125,476.78460693359375,1023.8679809570312,478.935302734375,877.80517578125,548.9620361328125,1053.9595947265625,550.816650390625,916.938720703125,570.97119140625,1012.80712890625,582.9434814453125,934.0812377929688,631.605712890625,1007.0758056640625,626.0760498046875,944.1808471679688,757.9799194335938,984.979736328125,726.804443359375,958.2718505859375,889.001953125,973.3543090820312,823.7666015625
31,983.4068603515625,422.2333984375,977.9767456054688,412.1908874511719,985.4014892578125,413.94439697265625,952.3033447265625,419.04156494140625,998.7518310546875,422.31207275390625,914.228271484375,469.1175842285156,1024.199462890625,473.62054443359375,878.9718017578125,539.7544555664062,1048.5157470703125,546.8819580078125,917.954833984375,552.9757690429688,1015.2797241210938,577.2705078125,929.0208740234375,616.013671875,998.7151489257812,615.91015625,942.6182250976562,727.1954345703125,986.0648193359375,726.7908935546875,949.5095825195312,843.4898071289062,969.3473510742188,831.9014892578125
32,988.8446044921875,417.317626953125,982.8302612304688,406.26898193359375,990.6282958984375,408.07861328125,955.3873901367188,412.51123046875,1002.6318969726562,416.7602233886719,916.2509765625,461.896484375,1025.542236328125,472.5234680175781,883.6702880859375,531.1329345703125,1044.3778076171875,549.4557495117188,926.3406982421875,555.6553344726562,1011.1083374023438,580.3786010742188,925.90087890625,611.9979248046875,995.5429077148438,616.3018188476562,942.4166870117188,724.6993408203125,982.093017578125,738.2843627929688,954.0034790039062,840.4329223632812,962.05908203125,855.59912109375
33,989.5482177734375,417.2756652832031,983.3740844726562,406.2587585449219,991.1942138671875,408.06005859375,955.4415283203125,412.47235107421875,1002.58837890625,416.7620849609375,916.1556396484375,461.9990539550781,1025.35400390625,472.3853759765625,883.7130737304688,531.202392578125,1044.4625244140625,549.19482421875,925.9811401367188,555.181640625,1011.3001098632812,580.6775512695312,926.083251953125,611.9766235351562,995.6231689453125,615.9905395507812,942.6199340820312,725.7022705078125,982.228759765625,737.878173828125,954.0809936523438,842.646484375,962.3701171875,855.4013671875
34,994.1685791015625,418.48150634765625,986.9202880859375,407.218017578125,994.7247314453125,408.50390625,956.2125244140625,412.76373291015625,1003.5459594726562,417.3420715332031,917.70166015625,462.57098388671875,1025.575927734375,474.86981201171875,884.43017578125,537.56103515625,1041.8392333984375,559.1383056640625,929.927978515625,560.0557250976562,1003.4601440429688,588.1612548828125,924.8355102539062,619.1085205078125,993.3896484375,625.3104248046875,940.0790405273438,732.046875,978.935302734375,753.6956787109375,949.693115234375,833.373046875,955.04931640625,869.486328125
35,986.9502563476562,422.71295166015625,981.1913452148438,411.16357421875,989.1718139648438,412.64910888671875,956.2803955078125,418.1540222167969,1003.8158569335938,422.3226623535156,918.9139404296875,470.4894104003906,1026.56005859375,486.39373779296875,885.4476318359375,541.55712890625,1039.0010986328125,566.8825073242188,932.9465942382812,563.8843383789062,1003.2908325195312,592.4686279296875,921.0394897460938,621.2626342773438,990.6237182617188,634.0720825195312,940.88623046875,709.248779296875,977.9177856445312,765.3526000976562,932.3365478515625,792.583740234375,936.4593505859375,879.3897705078125
36,983.3668823242188,423.0653991699219,978.0457763671875,412.4855041503906,985.5631103515625,413.6516418457031,953.7075805664062,420.9342041015625,1001.3302612304688,424.20513916015625,917.87939453125,472.2935791015625,1025.5015869140625,487.2665100097656,885.6884765625,540.7269897460938,1039.435791015625,569.2371826171875,930.6600341796875,555.9129638671875,1000.366943359375,586.3550415039062,926.7160034179688,624.81103515625,995.3795166015625,634.1243286132812,939.1510009765625,724.4219360351562,976.2112426757812,762.3419799804688,931.6827392578125,819.427490234375,932.9073486328125,875.5181884765625
37,981.9974975585938,417.88409423828125,976.7100830078125,406.88433837890625,983.5945434570312,407.46063232421875,952.9603271484375,414.8729248046875,999.3190307617188,417.6976623535156,917.92138671875,466.026123046875,1024.833251953125,481.7857360839844,886.3070678710938,532.7214965820312,1037.489990234375,559.9216918945312,933.1527709960938,538.3412475585938,1002.2175903320312,560.2438354492188,924.3729858398438,608.7230834960938,994.2845458984375,622.42431640625,941.1063842773438,686.8060302734375,982.0076904296875,747.0546875,931.52490234375,767.3838500976562,938.9483032226562,871.1586303710938
38,983.11572265625,417.77520751953125,977.5594482421875,406.7738342285156,984.4970092773438,407.3127136230469,953.0467529296875,414.7408447265625,999.4482421875,417.65338134765625,917.8975830078125,466.0384826660156,1024.835205078125,481.8128662109375,886.4655151367188,532.790283203125,1037.5565185546875,559.9915161132812,933.0938720703125,538.3067016601562,1002.1599731445312,560.3038940429688,924.4666137695312,608.7192993164062,994.3993530273438,622.3954467773438,941.1141357421875,687.0639038085938,982.0911254882812,746.9158325195312,931.47412109375,767.5074462890625,938.9083862304688,871.40087890625
39,993.0572509765625,410.54296875,983.2090454101562,401.6546630859375,992.029052734375,401.64410400390625,949.381591796875,408.5632629394531,993.554931640625,413.82647705078125,919.3924560546875,458.99658203125,1016.6971435546875,471.33074951171875,890.830322265625,524.2667236328125,1039.75341796875,540.7255249023438,925.734375,517.2722778320312,1004.4136352539062,527.6754150390625,930.2515258789062,590.5997314453125,992.760986328125,601.6226196289062,933.354248046875,675.7342529296875,970.3775024414062,720.6121826171875,929.4259033203125,752.6220703125,948.766357421875,840.00048828125
40,989.6649169921875,404.1602783203125,982.7982788085938,393.6270751953125,989.1126098632812,394.34515380859375,951.3186645507812,402.2526550292969,994.8300170898438,405.22113037109375,915.2542724609375,452.4529724121094,1018.3255004882812,458.4164123535156,891.6192016601562,521.19970703125,1043.7861328125,515.46337890625,920.9766235351562,501.8609924316406,1030.3626708984375,458.1063232421875,935.0597534179688,588.9319458007812,999.89892578125,592.2811279296875,942.587158203125,691.076171875,986.3087768554688,703.4278564453125,946.68310546875,802.6622314453125,951.2182006835938,816.5836181640625
41,981.3323364257812,398.9953308105469,976.3082275390625,388.94097900390625,982.8045043945312,390.7105712890625,949.4762573242188,399.9380187988281,994.0673217773438,402.3578186035156,913.4569702148438,450.52117919921875,1017.7213134765625,450.420166015625,894.2398681640625,515.2489013671875,1051.2315673828125,487.0765380859375,930.5905151367188,501.41552734375,1037.876953125,430.2413330078125,934.9302368164062,591.364013671875,998.9197387695312,591.2683715820312,946.1385498046875,706.2584228515625,983.469970703125,710.77001953125,958.2861328125,833.09326171875,955.3755493164062,816.9563598632812
42,981.0096435546875,400.2996826171875,975.5731201171875,390.4075012207031,982.5391845703125,392.45318603515625,948.916015625,401.464599609375,992.820068359375,404.2839660644531,915.4429321289062,457.4346008300781,1017.1197509765625,451.0496520996094,891.4633178710938,516.6166381835938,1057.63525390625,472.3607482910156,917.0067749023438,500.1279296875,1043.920654296875,417.5723571777344,943.4629516601562,608.3507080078125,1003.2927856445312,602.2945556640625,953.011474609375,727.4176025390625,976.5736083984375,705.0657958984375,973.9057006835938,845.6024169921875,966.7247924804688,781.5126953125
43,981.0322875976562,400.2543640136719,975.6305541992188,390.3594055175781,982.58935546875,392.4659118652344,949.0003662109375,401.3887634277344,992.8521728515625,404.2821960449219,915.3601684570312,457.37078857421875,1017.0657348632812,451.05059814453125,891.5948486328125,516.6171875,1057.6800537109375,472.3633117675781,917.2462158203125,500.0833740234375,1043.829345703125,417.5017395019531,943.5220947265625,608.509521484375,1003.3501586914062,602.35888671875,953.1183471679688,727.7775268554688,976.6366577148438,704.6824951171875,974.0247192382812,845.8724365234375,966.9686279296875,779.3981323242188
44,983.025390625,396.318115234375,976.6536865234375,387.5575256347656,984.0037231445312,390.01220703125,947.1819458007812,399.74163818359375,991.1561889648438,402.26434326171875,912.9374389648438,454.151611328125,1014.20556640625,446.4090576171875,908.9623413085938,490.6584777832031,1068.5513916015625,455.74407958984375,939.785888671875,464.0863342285156,1048.479248046875,413.2309265136719,944.9215698242188,598.1616821289062,1005.6141967773438,588.0518798828125,960.3424072265625,725.3560791015625,985.3328857421875,683.5884399414062,977.3818969726562,853.144775390625,986.6216430664062,746.4857177734375
45,990.9373779296875,388.1043701171875,982.835205078125,380.15869140625,989.949462890625,382.56976318359375,948.9185791015625,390.64697265625,992.1663818359375,394.9476318359375,914.9122314453125,437.63519287109375,1014.92236328125,439.1470031738281,941.0357055664062,433.93365478515625,1076.96826171875,444.9107666015625,986.6480712890625,402.0644836425781,1047.5096435546875,411.51702880859375,944.6680908203125,587.1953735351562,1006.7200317382812,576.349365234375,970.412841796875,719.4202880859375,1003.2285766601562,649.3970947265625,980.9339599609375,839.5921630859375,1001.3538208007812,696.050048828125
46,989.161376953125,377.5574645996094,980.1502075195312,370.4716796875,987.640380859375,371.7444152832031,945.1487426757812,381.953125,987.9733276367188,385.059326171875,917.4346923828125,425.14129638671875,1008.2401123046875,430.58001708984375,958.851318359375,416.69512939453125,1074.8480224609375,441.1329345703125,997.710205078125,391.37493896484375,1043.4857177734375,404.1734619140625,942.7717895507812,570.0479736328125,1000.46826171875,563.535400390625,970.0647583007812,690.5537109375,1009.9007568359375,639.4540405273438,978.14306640625,800.3258056640625,1002.2963256835938,702.7989501953125
47,987.626953125,366.5381164550781,978.933349609375,359.94403076171875,986.1680908203125,360.0722961425781,945.9024658203125,370.9774169921875,987.154296875,373.8036804199219,921.4475708007812,409.862060546875,1010.5357666015625,424.1776428222656,963.5006713867188,390.7636413574219,1074.8218994140625,440.32806396484375,1004.3065185546875,373.8830261230469,1044.9947509765625,396.068603515625,942.1267700195312,562.8327026367188,1000.696044921875,564.7938232421875,966.4501953125,671.320556640625,1020.1972045898438,654.041259765625,978.1146850585938,765.4243774414062,1005.18994140625,747.1497192382812
48,987.48046875,366.5732727050781,978.8201293945312,359.97314453125,986.0464477539062,360.11181640625,945.8832397460938,371.0078125,987.2089233398438,373.8450927734375,921.4776611328125,409.814453125,1010.7020874023438,424.1543884277344,963.229736328125,390.67340087890625,1074.85546875,440.302001953125,1004.2733764648438,373.8131103515625,1044.96728515625,396.0850830078125,942.2530517578125,562.7364501953125,1000.9078369140625,564.70263671875,966.427978515625,671.2763671875,1020.1566772460938,654.013427734375,978.191162109375,765.2635498046875,1005.3106079101562,747.1107177734375
49,981.355712890625,366.9073791503906,972.6069946289062,358.7713623046875,980.14599609375,357.9091796875,941.3651123046875,368.7987060546875,986.2369384765625,371.0052490234375,922.5956420898438,408.25067138671875,1010.8489379882812,426.0711669921875,954.5552978515625,390.8526916503906,1066.49365234375,447.12872314453125,1004.7705078125,372.49847412109375,1044.14697265625,399.787841796875,940.7111206054688,560.7420043945312,1000.427001953125,570.7547607421875,970.53857421875,649.265625,1023.3194580078125,672.6448364257812,978.8829956054688,714.3860473632812,1010.813232421875,788.1211547851562
50,981.3428955078125,370.48974609375,972.1079711914062,361.14678955078125,978.991455078125,360.3190612792969,939.6873168945312,369.58819580078125,983.5144653320312,373.69061279296875,919.996826171875,408.031982421875,1009.6947021484375,432.8907165527344,937.468994140625,390.4439697265625,1054.8074951171875,465.6807861328125,982.4578857421875,351.1160888671875,1030.949462890625,403.6741027832031,940.965087890625,564.7838745117188,1001.1812133789062,579.6995239257812,971.9373779296875,647.54736328125,1021.9559936523438,687.0223999023438,984.669921875,704.0194091796875,1010.0847778320312,815.51708984375
51,953.85205078125,385.20166015625,951.5401611328125,374.7010498046875,959.4480590820312,375.9537353515625,941.0831909179688,382.66693115234375,988.1422729492188,386.773193359375,924.6500854492188,419.27587890625,1014.0919189453125,441.61767578125,929.9714965820312,412.0653381347656,1044.3607177734375,491.7208557128906,970.075927734375,344.14990234375,1019.48828125,458.93438720703125,938.1663208007812,570.3824462890625,995.84423828125,581.1473388671875,973.6495361328125,668.438232421875,1011.0646362304688,698.2535400390625,1002.944580078125,764.3887939453125,1011.4461669921875,808.947998046875
52,956.0827026367188,390.5511474609375,954.4366455078125,381.85357666015625,962.8272094726562,384.011474609375,948.045166015625,391.2046203613281,994.123291015625,398.3245849609375,934.9011840820312,415.236328125,1016.3598022460938,456.4525451660156,930.5408935546875,342.6332702636719,1038.492919921875,508.1141357421875,954.7747802734375,276.50140380859375,1001.9595947265625,534.6610717773438,938.70703125,570.596435546875,990.9418334960938,586.1364135742188,985.005126953125,668.5802001953125,1016.0510864257812,699.698486328125,995.3606567382812,756.6732177734375,1001.5625,813.27197265625
53,955.135498046875,390.5781555175781,953.6227416992188,381.9356689453125,962.1265869140625,384.091064453125,947.9447021484375,391.3293762207031,994.0616455078125,398.3752746582031,934.93310546875,415.23199462890625,1016.4652099609375,456.5082702636719,930.2957763671875,342.5498046875,1038.4716796875,508.25390625,954.6339111328125,276.46673583984375,1001.6967163085938,534.4283447265625,938.59912109375,570.6354370117188,990.8704833984375,586.1964721679688,984.983154296875,668.5159301757812,1016.0680541992188,699.82470703125,995.3059692382812,756.7349853515625,1001.6427612304688,813.0570068359375
54,957.23095703125,413.35650634765625,952.9248046875,401.39300537109375,962.6228637695312,403.65728759765625,943.7476806640625,403.57366943359375,990.9779663085938,408.9783630371094,932.3314208984375,449.74810791015625,1015.1407470703125,458.5469970703125,931.8474731445312,520.3668212890625,1033.1673583984375,536.6627197265625,972.3477172851562,560.4578857421875,1009.1954956054688,579.0646362304688,936.8668212890625,585.2498779296875,991.5436401367188,592.84619140625,982.8992309570312,676.550537109375,1018.3883056640625,708.1747436523438,999.1690063476562,762.6553955078125,1003.918701171875,805.8783569335938
55,968.1824951171875,411.872314453125,961.2212524414062,400.44732666015625,967.3875732421875,400.92041015625,937.267822265625,408.6806335449219,977.3973999023438,411.2720642089844,920.1449584960938,463.86688232421875,997.7840576171875,461.27606201171875,936.0458374023438,534.1646728515625,1024.754150390625,533.54736328125,982.2371215820312,582.797607421875,1046.224853515625,604.0897827148438,938.9148559570312,601.225830078125,991.0723876953125,602.1241455078125,971.0005493164062,701.2369384765625,1028.564208984375,703.85546875,1010.7543334960938,780.7900390625,1008.7269897460938,805.6530151367188
56,940.8040771484375,425.60125732421875,935.6370849609375,419.0871887207031,942.0870971679688,419.06280517578125,921.6069946289062,425.1102294921875,952.9425048828125,423.9383544921875,924.459716796875,475.9771423339844,976.042724609375,467.25384521484375,981.2615966796875,530.2840576171875,1021.37890625,519.7489624023438,1036.77783203125,561.6680908203125,1057.886474609375,558.255859375,964.1525268554688,601.0015869140625,1004.3048095703125,597.63525390625,967.84814453125,705.0341796875,1035.231689453125,694.7315673828125,976.5048217773438,803.0103759765625,1025.0673828125,795.30712890625
57,919.7052001953125,451.5788879394531,914.928955078125,445.77252197265625,920.8662719726562,442.58929443359375,899.75,454.7037658691406,936.478759765625,444.1916198730469,897.3313598632812,508.06561279296875,973.5769653320312,470.76751708984375,919.6376342773438,578.7556762695312,1011.2850341796875,479.64630126953125,938.8351440429688,593.9230346679688,976.4866943359375,503.0049133300781,964.062255859375,615.409423828125,1016.7239990234375,603.00634765625,967.3843994140625,711.7279052734375,1032.06005859375,700.6570434570312,978.0602416992188,808.1569213867188,1021.4200439453125,796.6770629882812
58,919.2686767578125,451.93829345703125,914.6207275390625,446.1080322265625,920.6082763671875,442.9150390625,899.8450927734375,454.8032531738281,936.7003784179688,444.16326904296875,897.4092407226562,507.9591369628906,973.896240234375,470.635498046875,919.7906494140625,578.948486328125,1011.3896484375,479.86279296875,939.0587768554688,595.202880859375,976.7134399414062,503.5668640136719,964.0193481445312,615.567626953125,1016.8922119140625,603.145751953125,967.2779541015625,711.8114624023438,1032.1219482421875,700.7481689453125,978.0343017578125,808.2908935546875,1021.2564697265625,796.708740234375
59,895.072021484375,481.5477294921875,892.6702880859375,478.1715393066406,902.5308837890625,474.82476806640625,891.0167236328125,484.9793701171875,933.57080078125,469.4969787597656,897.8450927734375,524.1077880859375,970.5133056640625,471.0909423828125,917.6845703125,587.2598876953125,996.2886962890625,414.51934814453125,935.5259399414062,624.39306640625,978.2744750976562,385.3327331542969,971.9359130859375,616.9698486328125,1019.872802734375,601.8333740234375,978.097900390625,710.599365234375,1037.77490234375,703.9022216796875,990.789794921875,807.772705078125,1016.439208984375,784.8399658203125
60,894.8351440429688,509.97955322265625,894.4859619140625,506.21160888671875,897.6942749023438,502.0459899902344,897.5590209960938,504.32684326171875,915.8290405273438,487.6095886230469,905.8797607421875,539.0308837890625,955.7494506835938,481.5286865234375,939.289794921875,593.9708251953125,980.326904296875,404.5774230957031,941.2001342773438,601.6434326171875,968.6494750976562,337.2052001953125,984.4293823242188,601.9755249023438,1022.0841674804688,584.4371337890625,972.4472045898438,701.5401000976562,1032.9337158203125,688.4420166015625,984.978759765625,803.9129638671875,1028.879150390625,774.6043701171875
61,881.5110473632812,534.794677734375,880.1851196289062,531.7555541992188,885.6690063476562,528.065185546875,884.3983764648438,518.2855224609375,905.15966796875,504.94146728515625,898.4884033203125,526.7142333984375,957.8031616210938,497.0231018066406,935.36572265625,577.164306640625,995.8580932617188,509.88494873046875,941.7247924804688,627.63720703125,975.8745727539062,523.78369140625,996.4368896484375,568.66357421875,1038.813232421875,555.1988525390625,967.2928466796875,679.98779296875,1026.741455078125,653.990234375,975.30908203125,797.755615234375,1020.5171508789062,753.3017578125
62,871.4063720703125,515.3328247070312,870.186279296875,510.3492431640625,871.977294921875,508.95074462890625,879.7941284179688,497.1444091796875,891.0189819335938,490.9043884277344,900.984375,508.2137451171875,949.4478759765625,495.65509033203125,944.313232421875,572.3519897460938,993.2891235351562,558.533935546875,958.0739135742188,623.2271728515625,971.928466796875,623.6946411132812,990.7493896484375,539.5635986328125,1026.523193359375,533.2742919921875,978.8556518554688,660.8699951171875,1025.7977294921875,639.4031372070312,986.3656005859375,783.791015625,1017.9440307617188,750.27978515625
63,871.241455078125,514.9423217773438,870.0693359375,509.92938232421875,871.7666015625,508.56634521484375,879.8563232421875,496.8316650390625,890.7982788085938,490.6597900390625,901.1898193359375,508.208251953125,949.349365234375,495.60784912109375,944.4798583984375,572.40966796875,993.2649536132812,558.294921875,958.113037109375,622.9877319335938,971.8004760742188,623.0387573242188,990.9564208984375,539.75732421875,1026.523681640625,533.4462890625,978.9219970703125,660.8163452148438,1025.7557373046875,639.3627319335938,986.3364868164062,783.70166015625,1018.0308837890625,750.1048583984375
64,866.2608642578125,513.6751708984375,864.0094604492188,509.8499755859375,869.8216552734375,508.6751708984375,871.700439453125,496.38665771484375,890.1986694335938,490.80694580078125,897.0836791992188,496.5508117675781,939.681396484375,492.2490234375,930.7015380859375,538.6701049804688,962.5704956054688,544.0934448242188,923.9370727539062,555.9044799804688,928.9052124023438,563.649169921875,996.4505615234375,524.2314453125,1025.8277587890625,518.9183959960938,989.9462280273438,657.5864868164062,1024.504638671875,628.210205078125,998.6100463867188,784.2415771484375,1007.61767578125,739.2798461914062
65,897.8972778320312,519.0693969726562,893.9635620117188,513.6614379882812,900.3673095703125,515.6583251953125,898.1541748046875,498.9617919921875,920.5670776367188,503.5834045410156,914.1290893554688,489.391357421875,972.2328491210938,507.02093505859375,918.4193725585938,508.7386474609375,1005.6581420898438,576.45361328125,904.298583984375,535.3509521484375,981.9732055664062,636.9381713867188,997.3023681640625,524.8021240234375,1033.2176513671875,527.612060546875,991.517333984375,652.9925537109375,1018.9535522460938,640.4852294921875,1006.3607788085938,783.376953125,1008.7560424804688,758.8919677734375
66,870.2532958984375,488.9107666015625,871.1439208984375,482.3238525390625,868.9714965820312,483.8407287597656,880.9454345703125,474.51812744140625,879.15869140625,475.00213623046875,899.8223266601562,482.7483215332031,928.2306518554688,491.19329833984375,928.4797973632812,523.936279296875,960.0159912109375,545.9047241210938,941.6483154296875,576.7671508789062,952.2803955078125,594.3497314453125,1000.0861206054688,527.258544921875,1018.7655639648438,529.6541748046875,987.27294921875,648.8322143554688,1014.3499145507812,638.1787109375,1006.8004760742188,783.4440307617188,1002.072021484375,756.1437377929688
67,864.97216796875,495.2886657714844,864.5557861328125,489.7479248046875,863.5361328125,494.07659912109375,871.3411865234375,481.59552001953125,872.9732055664062,490.980224609375,886.934814453125,468.6628723144531,925.8008422851562,504.8677978515625,883.5250854492188,428.26641845703125,960.40576171875,553.1431274414062,858.4154052734375,376.152099609375,938.6715087890625,563.5638427734375,994.9722900390625,532.4940185546875,1015.19091796875,542.8631591796875,982.5074462890625,657.8878784179688,1011.7416381835938,650.3939819335938,1006.9076538085938,781.272705078125,1002.3599853515625,761.2135009765625
68,865.0963134765625,495.81060791015625,864.6596069335938,490.2364196777344,863.6519165039062,494.608642578125,871.5126953125,481.993896484375,873.2606811523438,491.5057373046875,887.2210083007812,468.97198486328125,926.1800537109375,505.193359375,883.578369140625,428.36859130859375,960.605712890625,553.04052734375,858.3307495117188,376.299072265625,938.9609375,563.6243896484375,994.8768920898438,532.7479248046875,1015.13232421875,543.134033203125,982.4613647460938,657.8773193359375,1011.6053466796875,650.608154296875,1006.8805541992188,781.33154296875,1002.3756713867188,761.49365234375
69,862.1080932617188,443.6733703613281,861.523681640625,438.1280517578125,860.7421264648438,439.35382080078125,859.4127197265625,439.7625732421875,867.6580810546875,443.72894287109375,869.5696411132812,449.12725830078125,911.2035522460938,486.83685302734375,876.0018310546875,407.072998046875,940.9178466796875,551.5601196289062,851.7455444335938,344.2997741699219,913.6993408203125,562.2362670898438,982.1349487304688,547.4229125976562,1006.8656005859375,559.2313232421875,974.1467895507812,671.6679077148438,1006.6151123046875,665.7119750976562,1008.5381469726562,772.0401000976562,1006.2868041992188,767.48388671875
70,856.5597534179688,455.99456787109375,856.0057373046875,446.4309997558594,853.8240966796875,453.1656494140625,862.87451171875,444.0159606933594,866.968994140625,461.17156982421875,880.878173828125,442.6251220703125,908.3763427734375,507.50286865234375,853.0901489257812,379.4193115234375,910.76416015625,571.3817138671875,821.2399291992188,311.95806884765625,864.0911865234375,526.479248046875,986.7997436523438,540.7984619140625,1002.7310180664062,563.7979736328125,971.5714721679688,674.5338134765625,995.9703369140625,674.5027465820312,1007.620361328125,756.5491333007812,1016.8687133789062,759.245849609375
71,829.0994262695312,509.4744873046875,828.9376220703125,499.16534423828125,825.6807861328125,505.940673828125,846.0537719726562,476.22271728515625,839.8251953125,496.7095947265625,872.7559204101562,448.75921630859375,894.6570434570312,515.5455322265625,852.4151611328125,369.4949645996094,874.609130859375,566.2271728515625,816.4757080078125,319.50341796875,829.8228759765625,541.0350341796875,983.346923828125,528.645263671875,996.6357421875,549.8948974609375,961.4203491210938,672.4016723632812,984.367431640625,666.8136596679688,1010.7033081054688,758.486572265625,1011.8159790039062,754.5950927734375
72,829.8436889648438,427.861328125,832.028564453125,420.1239013671875,832.1287231445312,423.281494140625,850.6139526367188,418.2198791503906,853.8614501953125,425.0609130859375,869.1068725585938,420.12615966796875,888.5725708007812,465.111328125,815.4239501953125,395.6768798828125,867.373046875,538.7022705078125,773.29736328125,354.3283386230469,813.0795288085938,547.2098388671875,980.9237060546875,526.284423828125,990.7288818359375,544.9727172851562,949.8377685546875,645.886474609375,971.5733032226562,653.2293701171875,993.8084106445312,740.5885009765625,1001.048095703125,755.389892578125
73,829.4227294921875,429.2344055175781,832.3585815429688,422.4079895019531,833.243408203125,425.254150390625,849.6791381835938,420.1971435546875,854.7828369140625,427.7374572753906,864.060791015625,419.37615966796875,887.4863891601562,469.8562927246094,818.9193725585938,371.0067138671875,857.0299072265625,537.5511474609375,784.845458984375,334.32427978515625,810.1754760742188,544.5274047851562,969.2777099609375,522.33203125,984.0725708007812,539.6066284179688,952.95361328125,655.8585205078125,981.8241577148438,654.8593139648438,1001.5578002929688,753.8819580078125,1011.17333984375,757.7320556640625
74,830.6678466796875,425.0641784667969,832.5997924804688,417.8343505859375,833.1292724609375,421.18670654296875,846.0316162109375,413.45062255859375,851.6708984375,421.61492919921875,853.7537841796875,415.85699462890625,891.838623046875,456.9200439453125,812.3787231445312,388.0661315917969,858.9945678710938,517.331298828125,785.3201904296875,385.9571838378906,805.441162109375,554.6422119140625,952.525390625,515.632568359375,980.2857055664062,530.108154296875,926.9585571289062,639.148681640625,984.722412109375,645.6796875,980.5419311523438,730.1691284179688,1006.64111328125,752.762939453125
75,822.7042236328125,430.7763977050781,824.6515502929688,423.7550048828125,827.81005859375,422.1488952636719,836.3032836914062,417.2113037109375,851.8196411132812,410.97882080078125,846.7407836914062,434.9117736816406,889.9281616210938,436.00225830078125,844.456298828125,483.7721862792969,870.8818359375,501.8880310058594,824.8995971679688,502.6669921875,807.1824340820312,576.0487060546875,934.2327270507812,511.37921142578125,973.5572509765625,511.51324462890625,902.8760986328125,628.1529541015625,990.4133911132812,628.4251708984375,952.814453125,739.7780151367188,1029.4261474609375,742.841796875
76,812.649658203125,407.09942626953125,814.309326171875,400.5821228027344,819.562255859375,400.387451171875,823.8143310546875,399.84417724609375,848.921142578125,396.2960205078125,826.525146484375,426.8735656738281,886.6444091796875,431.3441467285156,787.2841796875,463.53173828125,872.05029296875,501.14556884765625,773.221923828125,450.4282531738281,808.7217407226562,569.8416137695312,912.0308227539062,514.4548950195312,963.57177734375,512.2304077148438,882.4324340820312,640.4776611328125,987.095947265625,621.33837890625,909.1077880859375,753.884033203125,1050.992431640625,719.87109375
77,801.833984375,408.316162109375,801.3369140625,401.94189453125,810.511962890625,400.9041748046875,803.011962890625,397.4839782714844,839.3181762695312,390.94622802734375,815.3065185546875,422.01861572265625,866.15234375,427.42083740234375,828.4293212890625,466.9542541503906,885.863037109375,493.6001281738281,812.4801025390625,516.7156372070312,826.669677734375,556.758544921875,896.808837890625,510.1812744140625,947.123046875,507.3685607910156,868.0586547851562,638.9444580078125,979.5245361328125,610.9911499023438,876.15283203125,751.90869140625,1066.346923828125,681.9888916015625
78,801.58251953125,408.04510498046875,801.1866455078125,401.67120361328125,810.290283203125,400.6339416503906,803.1583251953125,397.35443115234375,839.2487182617188,390.7462158203125,815.6153564453125,422.3370056152344,866.117919921875,427.2428894042969,828.4804077148438,468.1220397949219,885.6712036132812,493.311279296875,812.6864624023438,518.1295166015625,826.6657104492188,556.7570190429688,897.155517578125,510.354248046875,947.217529296875,507.3672790527344,868.2288818359375,638.7847900390625,979.3901977539062,610.9302978515625,876.2053833007812,751.94970703125,1066.2445068359375,681.8165893554688
79,793.507080078125,411.6612548828125,796.803466796875,403.83447265625,801.7276611328125,407.19769287109375,807.5052490234375,401.5508117675781,828.1578369140625,402.99365234375,821.5433959960938,431.2986755371094,846.934326171875,447.6967468261719,836.0278930664062,488.34417724609375,865.593994140625,515.9243774414062,826.97607421875,558.8228759765625,823.8150634765625,577.7947998046875,896.6690063476562,520.388427734375,930.401611328125,522.623779296875,866.4716186523438,643.493408203125,968.9254150390625,623.3187255859375,862.8150024414062,764.4996337890625,1065.83154296875,651.9201049804688
80,794.697509765625,425.25738525390625,796.6180419921875,418.37396240234375,800.86376953125,420.9721374511719,799.8844604492188,416.55853271484375,819.42333984375,416.55865478515625,808.294189453125,445.4793701171875,834.2928466796875,453.5746765136719,831.3038330078125,486.9074401855469,842.874267578125,494.1281433105469,840.3474731445312,540.2669677734375,812.2183837890625,534.1586303710938,883.197509765625,537.20947265625,917.0428466796875,537.5008544921875,857.4056396484375,664.1661376953125,961.6473388671875,639.518798828125,861.0805053710938,760.7183227539062,1045.9541015625,650.62353515625
81,790.4373779296875,424.2486572265625,789.3449096679688,418.7554016113281,799.33984375,422.90869140625,786.933349609375,420.6552734375,816.5036010742188,423.8561706542969,791.7766723632812,447.162841796875,839.8651123046875,455.63580322265625,826.8436889648438,502.2129211425781,876.3883056640625,503.2718505859375,825.86376953125,562.6953735351562,850.324462890625,554.23388671875,868.4420776367188,549.7675170898438,906.9602661132812,548.5223999023438,846.2619018554688,677.8215942382812,942.9113159179688,639.516357421875,880.5037841796875,782.8525390625,1008.8239135742188,636.688720703125
82,782.1237182617188,422.1297912597656,782.4776611328125,416.10107421875,791.9972534179688,419.51715087890625,784.715576171875,419.2217712402344,812.5325317382812,420.38262939453125,788.44921875,450.37750244140625,841.6329956054688,454.18499755859375,816.912109375,511.71533203125,881.8948974609375,501.3268127441406,817.4607543945312,565.3764038085938,851.116943359375,552.9171752929688,861.6827392578125,550.7681884765625,900.6647338867188,548.1074829101562,843.4041748046875,672.2727661132812,924.423095703125,640.8665771484375,879.4935913085938,777.27783203125,983.2047119140625,647.7760009765625
83,784.220703125,419.2832336425781,785.728759765625,412.6969909667969,794.3692626953125,416.269287109375,784.31787109375,415.29913330078125,819.8427124023438,414.68072509765625,783.7876586914062,447.332275390625,840.766357421875,449.7177429199219,809.781005859375,507.7746887207031,878.7094116210938,491.96929931640625,816.7731323242188,565.729248046875,839.3759765625,552.1517333984375,864.7868041992188,552.3238525390625,908.5498657226562,548.408935546875,842.5281982421875,675.4763793945312,917.0408935546875,643.9318237304688,872.1265869140625,789.621337890625,989.1463623046875,632.0457153320312
84,795.1640625,409.53936767578125,793.2064819335938,401.1423034667969,801.2378540039062,403.76214599609375,779.5087890625,402.47119140625,817.265380859375,401.02020263671875,778.1714477539062,441.45538330078125,831.933837890625,439.1411437988281,798.299072265625,504.3673095703125,865.1090698242188,479.95855712890625,803.9992065429688,553.1608276367188,820.3424682617188,528.2060546875,859.6209106445312,539.7846069335938,902.5215454101562,534.9970092773438,844.9456176757812,664.2613525390625,894.7538452148438,639.1273193359375,862.222900390625,783.6351928710938,967.0921630859375,653.8944702148438
85,786.8040161132812,393.5015869140625,783.4407348632812,387.8935546875,795.71484375,388.2578125,775.465087890625,389.6895751953125,815.3881225585938,385.458984375,780.5816650390625,427.29681396484375,838.1810302734375,418.1353759765625,788.1963500976562,492.8869323730469,875.864990234375,461.7159423828125,792.147705078125,530.2811279296875,841.6735229492188,498.0496826171875,849.6842651367188,520.94921875,888.7470703125,512.94287109375,840.6740112304688,656.0881958007812,871.668212890625,621.6590576171875,868.0227661132812,769.701904296875,933.1578979492188,675.5966186523438
86,783.8700561523438,382.310791015625,779.7997436523438,375.2325439453125,789.256591796875,374.5660400390625,766.8500366210938,379.49847412109375,809.59765625,373.12591552734375,767.5352172851562,420.0357971191406,834.333251953125,405.13360595703125,760.7188720703125,480.1964111328125,884.532958984375,451.3451232910156,773.5505981445312,522.158203125,889.5778198242188,497.0966796875,838.2486572265625,517.6632080078125,880.552734375,508.39520263671875,842.1622924804688,637.7865600585938,865.2362060546875,606.5498046875,853.697265625,753.304443359375,891.3560180664062,698.714599609375
87,789.6044921875,371.595947265625,782.2526245117188,365.10711669921875,794.8829345703125,363.1042785644531,765.31787109375,368.4137878417969,812.0870971679688,362.3931579589844,762.0775146484375,411.4947509765625,842.3671264648438,396.7203369140625,753.83935546875,478.570068359375,885.2957763671875,451.5348205566406,753.3486328125,510.8775634765625,886.483154296875,501.48907470703125,819.230712890625,512.077880859375,869.6326904296875,506.6120910644531,827.97314453125,623.6472778320312,860.5858154296875,615.3186645507812,848.904541015625,729.202392578125,861.7528686523438,727.9497680664062
88,789.9403076171875,371.10455322265625,782.5460205078125,364.6180114746094,795.2240600585938,362.5861511230469,765.40576171875,368.105712890625,812.4603881835938,362.05780029296875,762.1591796875,411.4551086425781,842.6155395507812,396.7978820800781,754.7369384765625,477.6820068359375,885.03466796875,450.6087341308594,756.408447265625,511.3375244140625,886.6575927734375,500.6213684082031,819.4540405273438,511.91241455078125,870.1905517578125,506.5061340332031,827.831298828125,623.5333251953125,860.695068359375,614.9763793945312,848.7259521484375,729.0804443359375,862.0438842773438,727.6661987304688
89,792.2990112304688,363.3533935546875,784.5142211914062,356.8098449707031,796.7825317382812,355.40301513671875,764.397705078125,362.4732360839844,812.3341064453125,358.7079162597656,757.847412109375,405.8569641113281,840.3526611328125,397.22320556640625,750.62353515625,478.18963623046875,882.19873046875,457.3002624511719,755.4080810546875,532.6952514648438,878.2366943359375,502.2150573730469,805.7821044921875,512.7605590820312,856.1560668945312,508.7567138671875,815.679931640625,621.0606689453125,844.0156860351562,613.1622314453125,836.3401489257812,717.297119140625,835.9853515625,711.7852172851562
90,785.9471435546875,361.58709716796875,779.6344604492188,353.1651611328125,789.287353515625,352.915771484375,761.8135375976562,360.16192626953125,805.5135498046875,358.24774169921875,752.640869140625,408.2062683105469,837.4398803710938,398.90032958984375,736.666015625,481.2196960449219,871.83740234375,461.43865966796875,739.219970703125,515.6759643554688,854.0953979492188,500.27130126953125,796.8687744140625,517.9652099609375,847.9383544921875,512.5858154296875,806.1097412109375,616.5791015625,830.9876708984375,608.447021484375,840.8702392578125,695.1826171875,828.293701171875,698.0797729492188
91,778.0326538085938,366.8687744140625,773.3828125,358.0158996582031,779.9737548828125,356.7463073730469,758.39013671875,364.9344482421875,800.4906005859375,362.4979248046875,752.7872314453125,408.3829040527344,833.8098754882812,404.72369384765625,729.697998046875,479.9012756347656,864.442138671875,479.0484619140625,725.9698486328125,508.0555419921875,841.373046875,509.52197265625,786.89990234375,531.074951171875,834.7808227539062,531.7510375976562,789.7015991210938,620.7276000976562,808.6681518554688,636.949951171875,823.5804443359375,681.4527587890625,794.2603759765625,746.9996337890625
92,781.0751342773438,379.40545654296875,776.0606689453125,369.7501220703125,782.2454223632812,368.64910888671875,757.7674560546875,374.5399169921875,800.7337646484375,374.03350830078125,751.5589599609375,411.121337890625,829.3638916015625,416.3534240722656,735.6060180664062,472.9269714355469,854.0723266601562,488.28765869140625,741.3828735351562,523.5536499023438,830.2423706054688,512.0736694335938,773.3694458007812,538.014892578125,819.6962280273438,541.2811889648438,774.3875122070312,624.019287109375,788.2337646484375,642.94384765625,815.8693237304688,670.9266967773438,777.3192138671875,745.9202270507812
93,781.705810546875,379.2821960449219,776.489013671875,369.6268005371094,782.7604370117188,368.5453186035156,757.6647338867188,374.36102294921875,800.7007446289062,373.95465087890625,751.38916015625,411.08935546875,829.10302734375,416.28448486328125,735.5867919921875,472.8528137207031,853.9501342773438,487.97998046875,741.6492309570312,524.470703125,829.9237670898438,512.5140991210938,773.32275390625,537.9343872070312,819.608154296875,541.099853515625,774.8051147460938,624.649658203125,788.4085083007812,642.774658203125,815.3978271484375,672.0418090820312,777.2142333984375,745.8015747070312
94,772.187255859375,382.10955810546875,767.6485595703125,372.05279541015625,775.4354858398438,372.27667236328125,749.8475952148438,378.4500732421875,797.0029296875,378.4106750488281,741.4795532226562,419.65216064453125,824.6778564453125,425.9189758300781,731.8237915039062,482.819091796875,851.55810546875,494.6444396972656,731.798583984375,537.6217041015625,822.60986328125,522.8599853515625,766.4855346679688,540.4166870117188,819.4866333007812,542.9473876953125,758.9531860351562,632.0957641601562,790.3699340820312,648.7887573242188,772.0224609375,726.668701171875,769.1573486328125,760.8023681640625
95,770.1713256835938,373.66705322265625,765.814453125,364.0072937011719,772.3070068359375,363.7735900878906,747.4068603515625,371.80206298828125,791.631591796875,372.03363037109375,737.9376220703125,412.955810546875,819.0317993164062,420.9847412109375,723.2777099609375,474.7147521972656,839.438720703125,489.93389892578125,717.0689697265625,513.8421020507812,805.6258544921875,496.9830322265625,758.764892578125,534.084716796875,810.6400756835938,538.4971923828125,750.79833984375,623.4677124023438,786.8671264648438,648.5933837890625,769.4553833007812,705.4842529296875,766.296630859375,765.06396484375
96,756.8683471679688,366.7770080566406,752.1111450195312,359.37664794921875,762.38818359375,358.54534912109375,739.9121704101562,365.10504150390625,786.9453735351562,364.32196044921875,734.2109375,403.5194091796875,816.186279296875,408.262451171875,714.2241821289062,467.1515197753906,834.821044921875,478.87286376953125,704.5587158203125,472.296630859375,806.776123046875,484.33001708984375,757.6100463867188,524.703125,809.884765625,530.7822265625,738.3999633789062,611.7655029296875,779.9768676757812,649.7714233398438,765.30078125,684.5095825195312,769.396240234375,762.1618041992188
97,763.33984375,349.64947509765625,757.1342163085938,341.35589599609375,763.9550170898438,339.2757263183594,735.3016967773438,348.8297119140625,777.0121459960938,346.7502746582031,727.0889892578125,394.4217529296875,807.6052856445312,394.614501953125,713.48193359375,460.0356140136719,828.0105590820312,462.2764892578125,714.0762939453125,491.619140625,799.112548828125,477.388671875,749.5160522460938,517.7003784179688,804.2142944335938,520.3821411132812,728.781494140625,607.5699462890625,785.9830322265625,632.2135620117188,749.134521484375,675.361083984375,773.7031860351562,762.348388671875
98,763.4238891601562,349.58807373046875,757.2024536132812,341.28857421875,764.023193359375,339.2149658203125,735.3491821289062,348.7379150390625,777.0123901367188,346.6609191894531,727.1940307617188,394.3926696777344,807.5926513671875,394.4713439941406,713.8973999023438,460.166748046875,828.0360107421875,461.99371337890625,714.48876953125,492.4922180175781,799.2296142578125,477.7638244628906,749.6800537109375,517.7042236328125,804.3217163085938,520.3245849609375,728.830322265625,607.6737060546875,786.091796875,632.1298828125,749.3919067382812,675.5096435546875,773.852783203125,762.049560546875
99,759.6255493164062,337.57794189453125,752.8798828125,329.7264404296875,759.5157470703125,327.97186279296875,728.2913208007812,337.4334716796875,769.1477661132812,336.32293701171875,714.3472290039062,383.38592529296875,801.3251953125,384.53717041015625,702.7135009765625,453.716796875,825.8338623046875,454.62615966796875,714.9417114257812,486.9189758300781,792.1536865234375,464.39324951171875,736.6400146484375,507.66009521484375,796.3328247070312,510.123291015625,721.0690307617188,603.900390625,788.6912841796875,621.173828125,739.9774169921875,680.5509033203125,777.4576416015625,751.4730224609375
