epoch,time,train/box_loss,train/cls_loss,train/dfl_loss,metrics/precision(B),metrics/recall(B),metrics/mAP50(B),metrics/mAP50-95(B),val/box_loss,val/cls_loss,val/dfl_loss,lr/pg0,lr/pg1,lr/pg2
1,9.10503,3.20696,20.2915,1.07872,0.0001,0.02941,5e-05,4e-05,2.37805,9.92901,0.80707,0.000647619,0.000647619,0.000647619
2,15.7907,3.25866,12.931,1.08263,0.0002,0.05882,0.00011,4e-05,2.85511,8.96756,0.92387,0.00130127,0.00130127,0.00130127
3,27.9361,3.10125,11.6571,1.01874,0.85181,0.14706,0.30558,0.12532,2.69415,4.37436,0.89899,0.00194173,0.00194173,0.00194173
4,43.485,3.117,10.1801,1.07889,0.00225,0.35294,0.23242,0.09881,2.46589,5.06598,0.92092,0.0019406,0.0019406,0.0019406
5,56.4367,3.06701,9.52461,1.04286,0.73046,0.41176,0.40094,0.18893,2.55887,4.24201,0.92884,0.0019208,0.0019208,0.0019208
6,62.8878,2.85837,7.91837,0.96281,0.55721,0.38235,0.40709,0.15886,2.75433,4.05564,0.90837,0.001901,0.001901,0.001901
7,69.7167,2.56703,6.40359,0.92462,0.62078,0.5,0.414,0.09379,2.9837,3.44973,0.96852,0.0018812,0.0018812,0.0018812
8,81.5724,2.70598,7.37888,0.98245,0.95031,0.47059,0.55417,0.18946,2.80329,3.02572,0.87526,0.0018614,0.0018614,0.0018614
9,96.6034,2.711,6.49704,0.96574,0.70746,0.5,0.54843,0.2409,2.5011,3.33804,0.84901,0.0018416,0.0018416,0.0018416
10,110.504,2.80312,6.46371,0.97944,0.77867,0.414,0.48499,0.22031,2.41164,2.91865,0.84137,0.0018218,0.0018218,0.0018218
11,118.093,2.51058,5.26199,0.92286,0.89781,0.44118,0.5765,0.29732,2.25061,2.45728,0.84842,0.001802,0.001802,0.001802
12,130.429,2.27997,5.35311,0.89243,0.81393,0.61765,0.66101,0.28355,2.45385,2.40398,0.8475,0.0017822,0.0017822,0.0017822
13,145.266,2.38153,4.51322,0.92833,0.91096,0.64706,0.74152,0.31327,2.34903,2.13282,0.84407,0.0017624,0.0017624,0.0017624
14,159.878,2.55812,5.46348,0.95351,0.84162,0.62539,0.72227,0.29709,2.37465,2.11455,0.85295,0.0017426,0.0017426,0.0017426
15,175.407,2.52125,4.77133,0.92304,0.804,0.5,0.58684,0.2335,2.34254,2.16435,0.85001,0.0017228,0.0017228,0.0017228
16,190.69,2.42959,4.00058,0.9349,0.80453,0.60557,0.69935,0.31241,2.33163,2.18604,0.85054,0.001703,0.001703,0.001703
17,206.024,2.51763,4.19705,0.89248,0.80598,0.61765,0.65237,0.27291,2.56042,2.22686,0.86793,0.0016832,0.0016832,0.0016832
18,221.472,2.47068,3.99152,0.93456,0.87981,0.64706,0.66727,0.30108,2.0753,2.21573,0.84479,0.0016634,0.0016634,0.0016634
19,236.351,2.56189,3.82541,0.93633,0.78571,0.64706,0.69311,0.29427,2.41064,2.24279,0.85406,0.0016436,0.0016436,0.0016436
20,251.162,2.42082,3.60775,0.92174,0.8307,0.67647,0.74572,0.35046,2.3108,1.94673,0.80489,0.0016238,0.0016238,0.0016238
21,258.113,2.44251,3.58594,0.89785,0.86359,0.64706,0.76133,0.37956,2.339,1.96395,0.83204,0.001604,0.001604,0.001604
22,264.744,2.38645,3.27073,0.9085,0.87696,0.67647,0.76331,0.34629,2.26563,2.0481,0.85706,0.0015842,0.0015842,0.0015842
23,271.312,2.24263,3.27002,0.89901,0.88871,0.70467,0.78088,0.38818,2.13227,1.90245,0.8391,0.0015644,0.0015644,0.0015644
24,278.098,2.19244,2.76811,0.89878,0.92687,0.74584,0.82261,0.32619,2.14151,1.84486,0.83184,0.0015446,0.0015446,0.0015446
25,290.933,2.17361,2.90933,0.87711,0.94243,0.76471,0.78495,0.38679,1.86891,1.85679,0.8251,0.0015248,0.0015248,0.0015248
26,305.803,2.20708,2.99522,0.87474,0.86394,0.73529,0.76434,0.3926,2.04499,2.02565,0.83329,0.001505,0.001505,0.001505
27,320.731,2.28266,2.86299,0.88669,0.91666,0.64697,0.74052,0.32185,2.43403,2.04171,0.85833,0.0014852,0.0014852,0.0014852
28,330.313,2.19855,2.65382,0.86825,0.83252,0.73115,0.78033,0.37247,1.8914,1.9973,0.83673,0.0014654,0.0014654,0.0014654
29,336.576,2.21172,2.87904,0.88224,0.90557,0.70588,0.78067,0.35955,1.89731,1.8155,0.83457,0.0014456,0.0014456,0.0014456
30,347.974,2.38005,2.70522,0.90322,0.95674,0.65065,0.73838,0.34862,1.97026,1.49657,0.842,0.0014258,0.0014258,0.0014258
31,362.482,2.24631,2.50744,0.89955,0.94431,0.64706,0.73939,0.37123,1.92788,1.32131,0.83517,0.001406,0.001406,0.001406
32,377.685,2.1954,2.56582,0.87333,0.98756,0.67647,0.80375,0.38703,1.85598,1.32374,0.82684,0.0013862,0.0013862,0.0013862
33,392.892,2.12773,2.3091,0.89635,0.80721,0.70588,0.80274,0.36168,2.08665,1.12918,0.8264,0.0013664,0.0013664,0.0013664
34,408.615,2.16121,2.1508,0.88677,0.95986,0.70339,0.82589,0.38856,1.90036,1.04139,0.82193,0.0013466,0.0013466,0.0013466
35,423.992,2.20853,2.24353,0.87167,0.87521,0.73529,0.82745,0.38355,2.09026,0.97476,0.82554,0.0013268,0.0013268,0.0013268
36,439.779,1.95246,1.91646,0.85181,0.88847,0.70299,0.81953,0.35922,2.0076,1.0134,0.82828,0.001307,0.001307,0.001307
37,455.067,2.20979,2.08961,0.87603,0.92866,0.76579,0.84416,0.40503,1.94591,0.98565,0.82545,0.0012872,0.0012872,0.0012872
38,470.212,1.99978,1.83719,0.87254,0.93059,0.78881,0.84553,0.38804,2.05145,0.95898,0.82735,0.0012674,0.0012674,0.0012674
39,484.435,2.07791,1.83561,0.86446,0.95539,0.73529,0.85407,0.41119,1.91918,0.96947,0.82541,0.0012476,0.0012476,0.0012476
40,499.082,2.18159,2.00568,0.86509,0.96098,0.72468,0.83503,0.43556,1.70231,0.97954,0.8212,0.0012278,0.0012278,0.0012278
41,509.239,2.05829,1.75157,0.8769,0.91669,0.67647,0.78602,0.40341,1.7718,1.0133,0.81889,0.001208,0.001208,0.001208
42,515.711,2.09151,1.74694,0.86472,0.9554,0.73529,0.83132,0.37582,1.85413,1.04908,0.81991,0.0011882,0.0011882,0.0011882
43,521.991,1.9581,1.65727,0.86428,0.95765,0.76471,0.8299,0.31786,1.97616,1.03133,0.82433,0.0011684,0.0011684,0.0011684
44,528.368,1.94807,1.94354,0.83918,0.90631,0.76471,0.82573,0.40842,1.71054,1.0174,0.82023,0.0011486,0.0011486,0.0011486
45,534.652,2.05465,1.91994,0.84117,0.96076,0.76471,0.81576,0.39116,1.77422,1.0375,0.82208,0.0011288,0.0011288,0.0011288
46,540.938,2.23581,1.97988,0.8701,0.9883,0.79412,0.83326,0.39316,1.90078,0.96253,0.83172,0.001109,0.001109,0.001109
47,547.752,2.144,1.70075,0.86559,0.95485,0.79412,0.84188,0.41513,1.93836,0.91692,0.83072,0.0010892,0.0010892,0.0010892
48,554.079,2.00206,1.72568,0.8633,0.895,0.79412,0.81011,0.3768,2.03421,0.91899,0.82637,0.0010694,0.0010694,0.0010694
49,560.295,1.95501,1.66217,0.88592,0.99789,0.79412,0.82865,0.40396,2.07497,0.89529,0.82729,0.0010496,0.0010496,0.0010496
50,566.671,1.95156,1.62565,0.84244,0.96276,0.76053,0.82415,0.41771,2.04,0.89907,0.82744,0.0010298,0.0010298,0.0010298
51,572.745,2.09169,1.82211,0.86044,0.92584,0.73442,0.78565,0.38381,2.17336,0.96013,0.82798,0.00101,0.00101,0.00101
52,578.862,1.85112,1.39401,0.8596,0.92233,0.6987,0.7913,0.40614,1.96944,0.95377,0.81804,0.0009902,0.0009902,0.0009902
53,585.405,1.88092,1.53054,0.83297,0.85231,0.76471,0.80406,0.42439,1.97316,0.92426,0.8214,0.0009704,0.0009704,0.0009704
54,591.936,1.95946,1.53222,0.8648,0.97776,0.79412,0.85354,0.40263,2.1349,0.92663,0.8255,0.0009506,0.0009506,0.0009506
55,599.434,1.86825,1.35975,0.84442,0.99422,0.79412,0.87838,0.42248,2.07466,0.9071,0.8199,0.0009308,0.0009308,0.0009308
56,613.235,1.83488,1.36335,0.83728,0.91257,0.79412,0.85563,0.43426,2.03537,0.91482,0.8147,0.000911,0.000911,0.000911
57,619.582,2.03828,1.51021,0.88468,0.96248,0.76471,0.8832,0.44802,2.0221,0.90089,0.81576,0.0008912,0.0008912,0.0008912
58,625.712,1.77551,1.38244,0.82849,0.93286,0.81746,0.90697,0.41002,2.0826,0.86619,0.82106,0.0008714,0.0008714,0.0008714
59,631.697,1.82127,1.25163,0.8472,0.96419,0.79204,0.90288,0.43586,1.92344,0.86396,0.81413,0.0008516,0.0008516,0.0008516
60,638.137,2.06888,1.49347,0.8781,0.88765,0.82353,0.87238,0.44727,1.72229,0.85475,0.81512,0.0008318,0.0008318,0.0008318
61,644.349,1.90437,1.50374,0.87238,0.91372,0.79412,0.90298,0.42537,1.74314,0.83086,0.8114,0.000812,0.000812,0.000812
62,650.723,1.95496,1.3594,0.84023,0.96116,0.72813,0.82324,0.38918,1.82058,0.82283,0.81935,0.0007922,0.0007922,0.0007922
63,656.984,1.87037,1.30949,0.84855,0.91323,0.79412,0.87271,0.46198,1.62061,0.77747,0.81358,0.0007724,0.0007724,0.0007724
64,663.753,1.93088,1.38711,0.85926,1,0.78883,0.87377,0.48256,1.65664,0.78713,0.81382,0.0007526,0.0007526,0.0007526
65,670.619,1.85228,1.37691,0.85485,1,0.7595,0.83578,0.41586,1.99802,0.83182,0.82421,0.0007328,0.0007328,0.0007328
66,676.648,1.84661,1.25651,0.84927,0.96383,0.78404,0.82607,0.43507,1.78117,0.79743,0.81442,0.000713,0.000713,0.000713
67,682.721,1.76336,1.18307,0.84308,0.96352,0.79412,0.84284,0.45275,1.74858,0.81479,0.81222,0.0006932,0.0006932,0.0006932
68,688.642,1.66384,1.10607,0.82696,0.96411,0.79017,0.83955,0.45354,1.65028,0.85937,0.81272,0.0006734,0.0006734,0.0006734
69,694.604,1.86978,1.34087,0.85271,0.96427,0.79383,0.84068,0.47171,1.56061,0.85333,0.8139,0.0006536,0.0006536,0.0006536
70,700.723,1.72615,1.25026,0.85559,0.96398,0.78726,0.82458,0.48273,1.62447,0.85401,0.82007,0.0006338,0.0006338,0.0006338
71,707.373,1.73877,1.38954,0.80488,0.94548,0.73529,0.79331,0.48286,1.60664,0.87724,0.81642,0.000614,0.000614,0.000614
72,713.836,1.62259,1.15868,0.81287,1,0.81765,0.87279,0.45337,1.58465,0.87995,0.81342,0.0005942,0.0005942,0.0005942
73,720.223,1.6832,1.15427,0.82877,0.99468,0.79412,0.87653,0.47331,1.58728,0.85352,0.81577,0.0005744,0.0005744,0.0005744
74,726.191,1.76398,1.18495,0.84666,0.95916,0.76471,0.86631,0.48986,1.57077,0.84472,0.8067,0.0005546,0.0005546,0.0005546
75,732.449,1.57807,1.0841,0.81488,0.93045,0.78713,0.87025,0.48582,1.5791,0.78187,0.80639,0.0005348,0.0005348,0.0005348
76,738.684,1.71724,1.13485,0.83622,0.9653,0.81845,0.88203,0.49728,1.60033,0.71033,0.81132,0.000515,0.000515,0.000515
77,744.696,1.69798,1.12699,0.81175,0.96516,0.82353,0.887,0.50283,1.57452,0.68609,0.81125,0.0004952,0.0004952,0.0004952
78,751.022,1.71635,1.13772,0.83452,0.96057,0.82353,0.88079,0.51284,1.52685,0.69963,0.80906,0.0004754,0.0004754,0.0004754
79,757.479,1.66983,1.07856,0.78969,0.95955,0.82353,0.87844,0.50335,1.5788,0.69591,0.81025,0.0004556,0.0004556,0.0004556
80,764.236,1.69654,1.08492,0.82504,1,0.79341,0.85483,0.4864,1.64186,0.71711,0.80799,0.0004358,0.0004358,0.0004358
81,770.796,1.7009,1.12908,0.8353,0.96346,0.82353,0.89042,0.50376,1.49224,0.69754,0.79619,0.000416,0.000416,0.000416
82,777.374,1.62078,1.03754,0.82362,0.96287,0.82353,0.90426,0.49807,1.55289,0.71181,0.79384,0.0003962,0.0003962,0.0003962
83,783.719,1.72271,1.03004,0.81953,0.96369,0.82353,0.90292,0.49639,1.58575,0.72475,0.79557,0.0003764,0.0003764,0.0003764
84,789.924,1.60846,1.03074,0.83508,0.96242,0.82353,0.90004,0.5067,1.50876,0.706,0.79584,0.0003566,0.0003566,0.0003566
85,796.167,1.69453,1.03222,0.83054,0.96298,0.82353,0.891,0.50787,1.42232,0.69601,0.79755,0.0003368,0.0003368,0.0003368
86,802.076,1.63725,0.99775,0.84963,0.96649,0.84831,0.8985,0.51039,1.56981,0.67947,0.80134,0.000317,0.000317,0.000317
87,807.9,1.42303,0.95033,0.79319,0.96285,0.85294,0.89138,0.4868,1.68999,0.69929,0.80675,0.0002972,0.0002972,0.0002972
88,814.214,1.68649,1.17788,0.82995,0.96415,0.85294,0.88898,0.47373,1.8083,0.7245,0.80963,0.0002774,0.0002774,0.0002774
89,820.738,1.54814,0.92722,0.81908,0.96633,0.84424,0.88798,0.48625,1.80958,0.72984,0.80794,0.0002576,0.0002576,0.0002576
90,827.293,1.50695,0.98585,0.81482,0.96301,0.82353,0.88552,0.50305,1.72176,0.71849,0.80431,0.0002378,0.0002378,0.0002378
91,833.34,1.52108,1.02738,0.84785,0.96535,0.81942,0.88307,0.50238,1.73545,0.74244,0.80247,0.000218,0.000218,0.000218
92,839.387,1.40243,1.0917,0.8216,0.96411,0.7902,0.87265,0.49457,1.70874,0.77202,0.80272,0.0001982,0.0001982,0.0001982
93,845.535,1.52749,1.09486,0.81319,0.96411,0.79026,0.87458,0.5037,1.73795,0.7678,0.80345,0.0001784,0.0001784,0.0001784
94,851.651,1.40108,1.01237,0.81183,0.9641,0.78999,0.88764,0.50225,1.71077,0.74898,0.8037,0.0001586,0.0001586,0.0001586
95,857.432,1.44593,1.07814,0.81345,0.96459,0.80131,0.89538,0.49117,1.74754,0.74506,0.80465,0.0001388,0.0001388,0.0001388
96,863.507,1.35338,1.00233,0.78378,0.96482,0.80685,0.89125,0.49232,1.72018,0.72921,0.80366,0.000119,0.000119,0.000119
97,869.533,1.62386,1.09277,0.87312,0.96502,0.81163,0.89246,0.48446,1.69956,0.72626,0.80309,9.92e-05,9.92e-05,9.92e-05
98,875.671,1.36551,0.95878,0.83256,0.96523,0.81656,0.89245,0.48339,1.69184,0.71352,0.80385,7.94e-05,7.94e-05,7.94e-05
99,881.831,1.50898,1.04052,0.81865,0.95767,0.82353,0.89223,0.49052,1.67628,0.71591,0.80242,5.96e-05,5.96e-05,5.96e-05
100,888.396,1.6076,1.04419,0.87808,0.96146,0.82353,0.88854,0.48881,1.69686,0.71499,0.80226,3.98e-05,3.98e-05,3.98e-05
